{
  "tenis": [
    {
      "num": "0",
      "marca": "Nike",
      "nombre": "Mercurial Superfly",
      "precio": "$4,499",
      "link": "http://www.innovasport.com/mercurial-superfly-fg-n36.html"
    },
    {
      "num": "1",
      "marca": "Nike",
      "nombre": "Magista Opus",
      "precio": "3299",
      "link": "http://www.innovasport.com/magista-opus-fg-hombre-n86.html"
    },
    {
      "num": "2",
      "marca": "Nike",
      "nombre": "Tiempo Legend V",
      "precio": "2,799",
      "link": "http://www.innovasport.com/tiempo-legend-v-fg-hombre-n4.html"
    },
    {
      "num": "3",
      "marca": "Nike",
      "nombre": "Hypervenom Phantom II",
      "precio": "3,199",
      "link": "http://www.innovasport.com/hypervenom-phatal-ii-df-fg-hombres-n49.html"
    },
    {
      "num": "4",
      "marca": "Nike",
      "nombre": "Magista Obra",
      "precio": "$4,199",
      "link": "http://www.innovasport.com/magista-obra-fg-hombre-n68.html"
    },
    {
      "num": "5",
      "marca": "Puma",
      "nombre": "EvoSpeed",
      "precio": "$3,299",
      "link": "http://www.innovasport.com/evospeed-1-3-graphic-fg-hombre-n100.html"
    },
    {
      "num": "6",
      "marca": "Adidas",
      "nombre": "Messi 15",
      "precio": "",
      "link": ""
    },
    {
      "num": "7",
      "marca": "Under Armour",
      "nombre": "Clutchfit",
      "precio": "",
      "link": ""
    },
    {
      "num": "8",
      "marca": "Nike",
      "nombre": "Hypervenom II Phinish",
      "precio": "$3,199",
      "link": "http://www.innovasport.com/hypervenom-phatal-ii-df-fg-hombres-n49.html"
    },
    {
      "num": "9",
      "marca": "Adidas",
      "nombre": "X15",
      "precio": "",
      "link": ""
    },
    {
      "num": "10",
      "marca": "Puma",
      "nombre": "EvoPower",
      "precio": "$3,299",
      "link": "http://www.innovasport.com/evopower-1-2-graphic-fg-hombre-n15.html"
    },
    {
      "num": "11",
      "marca": "Adidas",
      "nombre": "Ace15",
      "precio": "$3,699",
      "link": ""
    },
    {
      "num": "12",
      "marca": "Nike",
      "nombre": "Mercurial Vapor X",
      "precio": "$3,699",
      "link": "http://www.innovasport.com/mercurial-vapor-x-fg-hombre-n15.html"
    }
  ]
}