{
  "equipos": [
    {
      "nombre": "Chile",
      "jersey_url": {
        "local": "",
        "visitante": ""
      },
      "jugadores": [
        {
          "nombre": "Alexis",
          "apellido": "Sánchez",
          "goles": "0",
          "tenis": "0"
        },
        {
          "nombre": "Eduardo",
          "apellido": "Vargas",
          "goles": "0",
          "tenis": "0"
        },
        {
          "nombre": "Arturo",
          "apellido": "Vidal",
          "goles": "0",
          "tenis": "0"
        },
        {
          "nombre": "Matías",
          "apellido": "Fernández",
          "goles": "0",
          "tenis": "1"
        }
      ]
    },
    {
      "nombre": "Ecuador",
      "jersey_url": {
        "local": "",
        "visitante": ""
      },
      "jugadores": [
        {
          "nombre": "Enner",
          "apellido": "Valencia",
          "goles": "0",
          "tenis": "11"
        },
        {
          "nombre": "Fidel",
          "apellido": "Martínez",
          "goles": "0",
          "tenis": "0"
        },
        {
          "nombre": "Miler",
          "apellido": "Bolaños",
          "goles": "0",
          "tenis": "2"
        },
        {
          "nombre": "Jaime",
          "apellido": "Ayoví",
          "goles": "0",
          "tenis": "0"
        },
        {
          "nombre": "Jefferson",
          "apellido": "Montero",
          "goles": "0",
          "tenis": "9"
        }
      ]
    },
    {
      "nombre": "México",
      "jersey_url": {
        "local": "",
        "visitante": ""
      },
      "jugadores": [
        {
          "nombre": "Eduardo",
          "apellido": "Herrera",
          "goles": "0",
          "tenis": "3"
        },
        {
          "nombre": "Raúl",
          "apellido": "Jiménez",
          "goles": "0",
          "tenis": "3"
        },
        {
          "nombre": "Rafael",
          "apellido": "Márquez",
          "goles": "0",
          "tenis": "4"
        },
        {
          "nombre": "Enrique",
          "apellido": "Esqueda",
          "goles": "0",
          "tenis": "0"
        },
        {
          "nombre": "Jesús",
          "apellido": "Corona",
          "goles": "0",
          "tenis": "7"
        }
      ]
    },
    {
      "nombre": "Argentina",
      "jersey_url": {
        "local": "",
        "visitante": ""
      },
      "jugadores": [
        {
          "nombre": "Sergio",
          "apellido": "Agüero",
          "goles": "0",
          "tenis": "5"
        },
        {
          "nombre": "Lionel",
          "apellido": "Messi",
          "goles": "0",
          "tenis": "6"
        },
        {
          "nombre": "Carlos",
          "apellido": "Tévez",
          "goles": "0",
          "tenis": "2"
        },
        {
          "nombre": "Gonzalo",
          "apellido": "Higuaín",
          "goles": "0",
          "tenis": "8"
        },
        {
          "nombre": "Ángel",
          "apellido": "di María",
          "goles": "0",
          "tenis": "9"
        },
        {
          "nombre": "Ezequiel",
          "apellido": "Lavezzi",
          "goles": "0",
          "tenis": "9"
        }
      ]
    },
    {
      "nombre": "Uruguay",
      "jersey_url": {
        "local": "",
        "visitante": ""
      },
      "jugadores": [
        {
          "nombre": "Edinson",
          "apellido": "Cavani",
          "goles": "0",
          "tenis": "3"
        },
        {
          "nombre": "Diego",
          "apellido": "Godín",
          "goles": "0",
          "tenis": "10"
        },
        {
          "nombre": "Diego",
          "apellido": "Rolán",
          "goles": "0",
          "tenis": "11"
        }
      ]
    },
    {
      "nombre": "Paraguay",
      "jersey_url": {
        "local": "",
        "visitante": ""
      },
      "jugadores": [
        {
          "nombre": "Óscar",
          "apellido": "Cardozo",
          "goles": "0",
          "tenis": "10"
        },
        {
          "nombre": "Roque",
          "apellido": "Santa Cruz",
          "goles": "0",
          "tenis": "10"
        },
        {
          "nombre": "Édgar",
          "apellido": "Benítez",
          "goles": "0",
          "tenis": "13"
        },
        {
          "nombre": "Lucas",
          "apellido": "Barrios",
          "goles": "0",
          "tenis": "12"
        }
      ]
    },
    {
      "nombre": "Brasil",
      "jersey_url": {
        "local": "",
        "visitante": ""
      },
      "jugadores": [
        {
          "nombre": "Neymar",
          "apellido": "",
          "goles": "0",
          "tenis": "3"
        },
        {
          "nombre": "David",
          "apellido": "Luiz",
          "goles": "0",
          "tenis": "4"
        },
        {
          "nombre": "Coutinho",
          "apellido": "",
          "goles": "0",
          "tenis": "12"
        },
        {
          "nombre": "Robihno",
          "apellido": "",
          "goles": "0",
          "tenis": "3"
        },
        {
          "nombre": "Robihno",
          "apellido": "",
          "goles": "0",
          "tenis": "3"
        }
      ]
    }
  ]
}